date,title,body,url,image,source
2022-09-28T19:30:00,Guerra en Ucrania: Analiza UE sanciones a Rusia por farsas en consultas,"La presidenta de la Comisión Europea, Ursula von der Leyen, dijo que los referéndums orquestados por el Kremlin sobre la integración de áreas ucranianas a Rusia son un intento ilegal de apoderarse de",https://www.am.com.mx/mundo/2022/9/28/guerra-en-ucrania-analiza-ue-sanciones-rusia-por-farsas-en-consultas-625087.html,https://www.am.com.mx/u/fotografias/m/2022/9/28/f1280x720-422972_554647_5050.jpg,PERIÓDICOam
2022-09-28T19:25:00,Regiones prorrusas de Ucrania piden ser parte de Rusia tras referendos cuestionados por Occidente,"Autoridades prorrusas de cuatro provincias de Ucrania pidieron hoy a Moscú que las incorpore a su territorio luego de proclamar la victoria en referendos de adhesión cuestionados por Occidente, que se",https://www.grupolaprovincia.com/internacionales/regiones-prorrusas-de-ucrania-piden-ser-parte-de-rusia-tras-referendos-cuestionados-por-occidente-1024787,https://www.grupolaprovincia.com/resources/logos/og-image-1200x630.png,grupolaprovincia
2022-09-28T19:13:25,"Las fuerzas rusas organizaron ""referendos"" ilegales en Ucrania. ¿Qué sigue ahora?","Las autoridades prorrusas celebraron supuestos referendos en cuatro regiones de Ucrania en los últimos días y, aunque las votaciones son ilegales y han sido universalmente rechazadas como una farsa",https://www.msn.com/es-us/noticias/otras/las-fuerzas-rusas-organizaron-referendos-ilegales-en-ucrania-qu%C3%A9-sigue-ahora/ar-AA12mmad,https://img-s-msn-com.akamaized.net/tenant/amp/entityid/AA12mw12.img?h=630&w=1200&m=6&q=60&o=t&l=f&f=jpg&x=251&y=230,MSN
2022-09-28T19:02:00,EEUU anuncia un nuevo paquete de ayuda militar a Ucrania de 1.100 millones,"Estados Unidos ha anunciado este miércoles que enviará un nuevo paquete de ayuda militar a Ucrania, por valor de 1.100 millones de dólares, consistente en armas y equipamiento castrense. La portavoz d",https://www.eldiario.es/internacional/ultima-hora-invasion-rusa-ucrania-directo_6_9575388_1094136.html,https://static.eldiario.es/clip/91c160e0-d374-43d4-ac51-fb30d0f64af8_facebook-watermarked-aspect-ratio_default_0.jpg,eldiario.es
2022-09-28T19:02:00,Ucrania pide más armas para responder a la anexión rusa de cuatro regiones ocupadas,"El gobierno ucraniano quiere que las palabras de apoyo se traduzcan en hechos y reclamó más armas, a pesar de las advertencias de Moscú de que podría emplear su arsenal nuclear",https://elcomercio.pe/mundo/europa/guerra-rusia-ucrania-ucrania-pide-mas-armas-para-responder-a-la-anexion-rusa-de-cuatro-regiones-ocupadas-volodymyr-zelensky-vladimir-putin-rmmn-noticia/,https://elcomercio.pe/resizer/-aOf1VQbIXUKMZv5aD3tzcIdK_8=/980x528/smart/filters:format(jpeg):quality(75)/cloudfront-us-east-1.images.arcpublishing.com/elcomercio/A3OP3FB37ZCFFNC23Z5JWG7N2E.jpg,El Comercio
2022-09-28T18:34:00,Los líderes de los territorios separatistas de Ucrania piden a Rusia su anexión,El proceso puede concluir en 12 días pero la Inteligencia británica cree que podría producirse este mismo viernes El Kremlin precisa que éste no es el fin de la campaña militar El dramático éxodo de l,https://www.diariodesevilla.es/mundo/lideres-territorios-separatistas-Ucrania-Rusia_0_1724529597.html,https://www.diariodesevilla.es/2022/09/28/mundo/hombres-despiden-centro-reclutamiento-Moscu_1724538613_166988501_1200x675.jpg,Diario de Sevilla
2022-09-28T18:24:00,El Papa Francisco sobre la invasión rusa de Ucrania: «Estamos viviendo la Tercera Guerra Mundial»,"El Sumo Pontífice asegura que «hay imperialismos en conflicto» y que cuando «se sienten amenazados y en declive, reaccionan pensando que la solución es» un conflicto bélico",https://www.abc.es/internacional/papa-francisco-sobre-invasion-rusa-ucrania-viviendo-20220928191433-nt.html,https://s2.abcstatics.com/abc/www/multimedia/internacional/2022/09/28/efe-RmMj8xDk7twVJ6QTOq9crXP-1024x512@abc.jpg,ABC
2022-09-28T18:00:00,Truss y Scholz hablan con Zelenski para trasladar su apoyo a Kiev tras los referéndums en el este de Ucrania,"La primera ministra británica, Liz Truss, y el canciller alemán, Olaf Scholz, han hablado este miércoles por teléfono, en sendas llamadas, con el presidente ucraniano, Volodimir Zelenski, para traslad",https://www.msn.com/es-es/news/internacional/truss-y-scholz-hablan-con-zelenski-para-trasladar-su-apoyo-a-kiev-tras-los-refer-c3-a9ndums-en-el-este-de-ucrania/ar-AA12mrJ2,https://img.europapress.es/fotoweb/fotonoticia_20220928210013_1200.jpg,Europa Press on MSN.com
2022-09-28T16:15:54,Erdogan condena los referéndums orquestados por Rusia en Ucrania en una conversación con Zelenski,"El presidente de Turquía, Recep Tayyip Erdogan, ha reconocido este miércoles ante su homólogo de Ucrania, Volodimir Zelenski, que los referéndums organizados por Rusia en cuatro regiones ucranianas co",https://www.msn.com/es-es/news/internacional/erdogan-condena-los-refer-c3-a9ndums-orquestados-por-rusia-en-ucrania-en-una-conversaci-c3-b3n-con-zelenski/ar-AA12lVkh,https://img.europapress.es/fotoweb/fotonoticia_20220928161554_1200.jpg,Europa Press on MSN.com
2022-09-28T15:45:00,"Guerra Rusia-Ucrania, en vivo: últimas noticias del conflicto y el minuto a minuto","11.00 Rusia restringe el acceso a una región fronteriza con Georgia La región rusa de Osetia del Norte, que tiene frontera con Georgia, anunció hoy una restricción al acceso de vehículos a este territ",https://es.noticias.yahoo.com/guerra-rusia-ucrania-vivo-noticias-054844864.html,https://s.yimg.com/ny/api/res/1.2/iQWu9CNTA8anYrtGIaIuLA--/YXBwaWQ9aGlnaGxhbmRlcjt3PTEyMDA7aD04MDA-/https://media.zenfs.com/es/lanacion.com.ar/f83db31aec4e71525015088ff20c2305,Yahoo Noticias España
2022-09-28T15:43:00,Bruselas propone una nueva ronda de sanciones contra Rusia por la escalada en Ucrania y los referéndums,La Comisión Europea prohibir a ciudadanos europeos sentarse en los consejos de administración de empresas estatales rusas,https://www.vozpopuli.com/internacional/bruselas-propone-una-nueva-ronda-de-sanciones-contra-rusia-por-la-escalada-en-ucrania-y-los-referendums.html,https://media.vozpopuli.com/2022/09/Josep-Borrell-e1664379775240.jpg,Voz Populi
2022-09-28T15:24:00,Guerra en Ucrania: La Comisión Europea propone un nuevo paquete de sanciones a Rusia,"Lo haría en respuesta a la escalada de las agresiones de Putin, a las incidencias en los gasoductos NordStream y los referéndums celebrados en",https://www.cope.es/actualidad/internacional/noticias/guerra-ucrania-comision-europea-propone-nuevo-paquete-sanciones-rusia-20220928_2314391,https://cope-cdnmed.agilecontent.com/resources/jpg/3/6/1664378660763.jpg,COPE
2022-09-28T15:16:00,"""Solo come una vez al día"": Sudán del sur denuncia una gran crisis como consecuencia de la guerra de Ucrania","Sudán del Sur es el país más joven del mundo y sufre un marco de pobreza estructural, el 75% de su población necesita ayuda humanitaria | Cadena SER",https://cadenaser.com/nacional/2022/09/28/solo-come-una-vez-al-dia-sudan-del-sur-el-pais-mas-joven-del-mundo-denuncia-una-gran-crisis-humanitaria-como-consecuencia-de-la-guerra-de-ucrania-cadena-ser/,https://cadenaser.com/resizer/VWmIXi3RvM9_QaK40y_PN6bxrhQ=/1600x1200/filters:quality(70)/cloudfront-eu-central-1.images.arcpublishing.com/prisaradio/6E2XAMA6BBBHFOGWCNCO5ISZ6U.jfif,Cadena SER
2022-09-28T15:01:00,Ucrania pide más armas a la OTAN y Europa para evitar las anexiones,Estados Unidos anuncia un nuevo paquete de armamento por valor de 1.130 millones de euros para reforzar al Ejército de Kiev a medio y largo plazo,https://www.lasprovincias.es/internacional/europa/ucrania-pide-armas-20220928195830-ntrc.html,https://static3.lasprovincias.es/www/multimedia/202209/28/media/cortadas/kiev-kP1F--984x468@RC.JPG,diccionario
2022-09-28T14:47:00,El Kremlin usa drones iraníes porque los fabricados en Rusia no son aptos para la guerra de Ucrania,"El propio Ministerio de Defensa ruso dice haber implementado unos requisitos tácticos y técnicos para los UAV y la mayoría de nuestros fabricantes, por desgracia, no son capaces de cumplirlos",https://www.larazon.es/tecnologia/20220928/hx2gswmiurapxfhhrhcfinntby.html,https://www.larazon.es/resizer/AxFMiI7BoBJ0ZuP24NcvPftTcV0=/1260x840/smart/filters:format(jpg)/cloudfront-eu-central-1.images.arcpublishing.com/larazon/EIDQAJ75KJASFMLYXMNETJ3J2E.jpg,La Razón Digital
2022-09-28T14:30:17,Los líderes separatistas de Ucrania viajan a Moscú para formalizar la anexión,El Kremlin afirma que la campaña militar proseguirá también después de la incorporación de las cuatro regiones ucranianas.,https://www.msn.com/es-es/news/internacional/los-l-c3-adderes-separatistas-de-ucrania-viajan-a-mosc-c3-ba-para-formalizar-la-anexi-c3-b3n/ar-AA12lK0k,https://img.huffingtonpost.com/asset/633457292600005900d3bf5f.jpeg?cache=B0KbitSahd&ops=1200_630,Huffington Post on MSN.com
2022-09-28T14:12:00,"PNV pide agravar las penas de trata de personas en conflictos bélicos y no solo en el caso de Ucrania, como pide el PSOE","El PNV quiere agravar las penas para los delitos de trata de seres humanos contra los desplazados de cualquier conflicto bélico, y no solo a los casos relacionados con la guerra de Ucrania, como ha pr",https://www.europapress.es/epsocial/igualdad/noticia-pnv-pide-agravar-penas-trata-personas-conflictos-belicos-no-solo-caso-ucrania-pide-psoe-20220928171248.html,https://img.europapress.es/fotoweb/fotonoticia_20220928171248_1200.jpg,Europa Press
2022-09-28T13:56:00,Meloni pacta con Draghi que sea su asesor ante la UE si mantiene su política económica y el apoyo a Ucrania y la OTAN,"El primer ministro saliente desmiente un «pacto» con la líder de Hermanos de Italia sobre sobre los tres pilares que guiarán la acción del futuro gobierno, y promete «una transición ordenada»",https://www.abc.es/internacional/meloni-pacta-draghi-asesor-ante-mantiene-politica-20220928145617-nt.html,https://s1.abcstatics.com/abc/www/multimedia/internacional/2022/09/28/draghi-italia-RVBRXeNHotGcMdqnHsQfQ5N-1024x512@abc.JPG,ABC
2022-09-28T13:38:00,Meta desmantela una red de propaganda rusa que promovía desinformación sobre Ucrania,"Una de las armas más peligrosas e importantes en la guerra, es una que no mata, sino que influencia la opinión de la sociedad. Se trata de la propaganda, y todo triunfo militar tiene una campaña de pr",https://www.eleconomista.es/tecnologia/noticias/11965921/09/22/Meta-desmantela-una-red-de-propaganda-rusa-que-promovia-desinformacion-sobre-Ucrania-por-Europa-.html,https://s03.s3c.es/imag/_v0/1200x655/2/9/1/apps-de-meta.jpg,El Economista (Spain)
2022-09-28T13:33:00,La UE aprueba una nueva ronda de sanciones a Rusia por la invasión a Ucrania,La Comisión Europea ha propuesto este miércoles una nueva ronda de sanciones contra Rusia en respuesta a la escalada en el conflicto de Ucrania con la movilización parcial y la celebración de referénd,https://www.elperiodico.com/es/internacional/20220928/ue-nueva-ronda-sanciones-rusia-76021436,https://estaticos-cdn.elperiodico.com/clip/8033fc20-668f-4ce1-9d03-891e9c74b65a_16-9-discover-aspect-ratio_default_0.jpg,El Periódico
2022-09-28T13:31:00,Rusia no emitirá pasaportes a los reservistas movilizados por la guerra en Ucrania,La decisión implicará que no podrán abandonar el país una vez hayan sido citados por las autoridades militares,https://www.noticiasdenavarra.com/mundo/2022/09/28/rusia-emitira-pasaportes-reservistas-movilizados-6058738.html,https://estaticosgn-cdn.deia.eus/clip/b48eafbe-2a90-439f-9e7e-407454340555_16-9-aspect-ratio_default_0.jpg,Noticias
2022-09-28T12:39:00,"España condena los ""simulacros ilegales de votación"" celebrados en Ucrania",El Gobierno español ha condenado enérgicamente los simulacros ilegales de votación organizados en los territorios de Ucrania ocupados por Rusia y,https://www.cope.es/actualidad/internacional/noticias/espana-condena-los-simulacros-ilegales-votacion-celebrados-ucrania-20220928_2313921,https://cope-cdnmed.agilecontent.com/img/brand/cope-redes-sociales.jpg,COPE
2022-09-28T12:29:00,"España no da ""credibilidad ni legitimidad"" a los referéndums de anexión a Rusia celebrados en el este de Ucrania",El Gobierno español ha condenado este miércoles los simulacros ilegales de votación organizados celebrados en las regiones del este de Ucrania sobre la anexión de esos territorios a Rusia y ha afirm,https://www.eldiario.es/internacional/ultima-hora-invasion-rusa-ucrania-directo_6_9575388_1094125.html,https://static.eldiario.es/clip/b649bfc7-24e7-49fe-9249-d5aa0ed73f55_facebook-watermarked-aspect-ratio_default_0.jpg,eldiario.es
2022-09-28T12:23:00,España condena el referéndum celebrado por Rusia para anexionarse territorios ocupados de Ucrania,"El Kremlin aseguró este martes que más del 97% apoya la anexión de Donetsk, Lugansk, Jersón y Zaporiyia | Cadena SER",https://cadenaser.com/nacional/2022/09/28/espana-condena-el-referendum-celebrado-por-rusia-para-anexionarse-territorios-ocupados-de-ucrania-cadena-ser/,https://cadenaser.com/resizer/579RAyhe_XRN2jSV2J6Osr9MbXg=/736x552/filters:format(jpg):quality(70)/cloudfront-eu-central-1.images.arcpublishing.com/prisaradio/DD3ZGL274KQODBJIZ6NRRDY4SY.jpg,Cadena SER
2022-09-28T12:15:00,"Fedotov: ""Estuve defendiendo a Ucrania durante dos meses""","Lunin y Fedotov han sido los premiados con el Trofeo Puerta Jarque al Juego Limpio por su implicación para ayudar a sus compatriotas ucranianos. El primero desde la distancia y, el",https://www.marca.com/futbol/premios-marca/2022/09/28/63344728ca4741de6d8b458e.html,https://ak.uecdn.es/p/110/thumbnail/entry_id/0_9cowtw6n/width/657/type/2/bgcolor/000000/0_9cowtw6n.jpg,MARCA
2022-09-28T12:05:00,"Última hora de la guerra, en directo: la Embajada de EEUU pide a sus ciudadanos que abandonen Rusia ""de inmediato""","EEUU advierte de que tiene grandes limitaciones para asistir a sus ciudadanos, además de que las posibilidades de salir de Rusia pueden reducirse aún más en cualquier momento",https://www.vozpopuli.com/actualidad/ultima-hora-guerra-ucrania-directo-resultado-referendums-denuncia-sabotajes-nord-stream.html,https://media.vozpopuli.com/2022/09/guerra-ucrania-2-1-e1664361717838.jpg,Voz Populi
2022-09-28T11:58:00,Qué supone la inminente anexión de los territorios ocupados por Putin en Ucrania,"Ahora que Moscú tiene los resultados que quería de sus pseudorreferéndums, el presidente ruso, Kiev y Occidente están sopesando los siguientes pasos",https://www.eldiario.es/internacional/theguardian/supone-inminente-anexion-territorios-ocupados-putin-ucrania_1_9576208.html,https://static.eldiario.es/clip/5eef8f5d-cbdf-409e-836e-4904d6e94a05_facebook-watermarked-aspect-ratio_default_0.jpg,eldiario.es
2022-09-28T11:52:00,Los soldados rusos recién movilizados llegan a Ucrania...¿y ahora qué?,Los soldados rusos recién movilizados han comenzado a llegar a Ucrania según el Estado Mayor General de las Fuerzas Armadas de Ucrania en su última actualización operativa publicada en Facebook.,https://www.bolsamania.com/capitalbolsa/noticias/social/los-soldados-rusos-recien-movilizados-llegan-a-ucraniay-ahora-que--10839218.html,https://img3.s3wfg.com/web/img/images_uploaded/c/0/rusiacbnuevossoldados.gif,Capitalbolsa
2022-09-28T11:28:00,Estados Unidos y Europa se están quedando sin armas para enviar a Ucrania,"En la industria de armas de EE.UU., el nivel normal de producción de rondas de artillería para el obús de 155 milímetros, un arma de artillería pesada de largo alcance que se usa actualmente en los ca",https://www.bolsamania.com/capitalbolsa/noticias/social/estados-unidos-y-europa-se-estan-quedando-sin-armas-para-enviar-a-ucrania--10839186.html,https://img2.s3wfg.com/web/img/images_uploaded/c/6/guerracbucrania8.jpg,Capitalbolsa
2022-09-28T10:54:00,Estados Unidos llama a sus ciudadanos residentes en Rusia a salir del país para evitar combatir en Ucrania,La embajada de Estados Unidos en Rusia emitió el pasado martes un comunicado indicando a los ciudadanos con doble nacionalidad que abandonaran el país gobernado por Vladímir Putin a fin de evitar su m,https://www.lavozdegalicia.es/noticia/internacional/2022/09/28/estados-unidos-llama-ciudadanos-residentes-rusia-salir-pais-evitar-combatir-ucrania/00031664361542482936108.htm,https://www.lavozdegalicia.es/default/2022/09/28/00121664362441922680611/Foto/reu_20220928_091024903.jpg,La Voz de Galicia
2022-09-28T10:21:00,Hitachi traslada a Valencia un centro de desarrollo de 'software' desde Ucrania,"Global Logic, filial del grupo japonés especializada en software chip-to-cloud, tomó la decisión de mover a parte de su personal en ese país por la",https://www.computerworld.es/empresas/hitachi-traslada-a-valencia-un-centro-de-desarrollo-de-software-desde-ucrania,https://www.computerworld.es/archivos/202209/valencia.jpg,computerworld.es
2022-09-28T10:05:15,"La UE denuncia los ""referendums ilegales"" en las zonas ocupadas en Ucrania y su ""resultado falsificado""","La Unión Europea ha denunciado este martes la celebración de los referéndums ilegales de adhesión a Rusia en las regiones de Donetsk, Lugansk, Jersón y Zaporiyia, zonas ocupadas por las tropas rusas e",https://www.msn.com/es-es/news/internacional/la-ue-denuncia-los-referendums-ilegales-en-las-zonas-ocupadas-en-ucrania-y-su-resultado-falsificado/ar-AA12kRg2,https://img.europapress.es/fotoweb/fotonoticia_20220928100515_1200.jpg,Europa Press on MSN.com
2022-09-28T09:33:00,"Los frigoríficos y los colchones están un 30% más baratos que antes de la guerra de Ucrania, según idealo.es","Los frigoríficos y los colchones son algunos de los artículos que no se han visto afectados por la inflación y están un 30% más baratos que antes de la guerra de Ucrania, detonante de la situación eco",https://www.elconfidencialdigital.com/articulo/ultima-hora/frigorificos-colchones-estan-30-mas-baratos-que-antes-guerra-ucrania-idealo-es/20220928113304454757.html,https://www.elconfidencialdigital.com/media/elconfidencialdigital/images/2022/09/28/2022092809330261958.jpg,El Confidencial Digital
2022-09-28T09:30:00,Ucrania pide condenar los pseudorreferendos y aumentar aislamiento de Rusia,"Leópolis (Ucrania), 28 sep (EFE).- El Gobierno ucraniano llamó hoy a la comunidad internacional a condenar los preudorreferendos en los territorios ucranianos temporalmente ocupados, que calificó de ",https://www.eldiario.es/politica/ucrania-pide-condenar-pseudorreferendos-aumentar-aislamiento-rusia_1_9575884.html,https://static.eldiario.es/clip/d7d56ae4-3ecd-424e-ab4f-cb4d10f61193_facebook-aspect-ratio_default_0.jpg,eldiario.es
2022-09-28T08:50:00,"El papa está informado ""de las cosas terribles"" que suceden en Ucrania","Roma, 28 sep (EFE).- El papa volvió a pedir hoy oraciones por la martirizada Ucrania, que está sufriendo tanto, y explicó que el cardenal polaco Konrad Krajewski le ha informado a su regreso del p",https://www.eldiario.es/politica/papa-informado-cosas-terribles-suceden-ucrania_1_9575702.html,https://static.eldiario.es/clip/6ef747b9-8ee6-40e5-b5c4-59edfd59e372_facebook-aspect-ratio_default_0.jpg,eldiario.es
2022-09-28T08:44:00,"Austria condena los referéndum de anexión rusos y asegura que son un ""grave ataque contra la soberanía"" de Ucrania","El Ministerio de Exteriores de Austria ha condenado este miércoles la realización por parte de Rusia de una serie de referéndum de anexión en los territorios ucranianos de Lugansk, Donetsk, Jersón y Z",https://www.europapress.es/internacional/noticia-austria-condena-referendum-anexion-rusos-asegura-son-grave-ataque-contra-soberania-ucrania-20220928114425.html,https://img.europapress.es/fotoweb/fotonoticia_20220928114425_640.jpg,Europa Press
2022-09-28T08:40:00,"Polonia dice que OTAN debe responder ""de forma convencional"" pero ""destructiva"" si Rusia usa armas nucleares en Ucrania","El ministro de Exteriores de Polonia, Zbigniew Rau, ha afirmado que la OTAN debería responder de forma convencional pero destructiva en caso de que Rusia utilice armas nucleares contra Ucrania, al",https://www.europapress.es/internacional/noticia-polonia-dice-otan-debe-responder-forma-convencional-destructiva-si-rusia-usa-armas-nucleares-ucrania-20220928114036.html,https://img.europapress.es/fotoweb/fotonoticia_20220928114036_1200.jpg,Europa Press
2022-09-28T08:15:00,"Apoyo entre el 87 y el 99 % a la anexión a Rusia en los referendos en el este y sur de Ucrania, según los prorrusos","Moscú, 28 sep (EFE).- Entre el 87,05 y el 99,23 % de los votantes en los denominados referendos en los territorios controlados por las fuerzas rusas en el este y sur de Ucrania apoyó la anexión a Rusi",https://www.eldiario.es/politica/apoyo-87-99-anexion-rusia-referendos-sur-ucrania-prorrusos_1_9575564.html,https://static.eldiario.es/clip/d7d56ae4-3ecd-424e-ab4f-cb4d10f61193_facebook-aspect-ratio_default_0.jpg,eldiario.es
2022-09-28T08:10:00,La ONU rechaza los referéndums rusos celebrados en Ucrania,"Cuatro regiones han celebrado los últimos días los referéndums organizado por las autoridades prorrusas: Donetsk, Lugansk, Jersón y Zaporiyia",https://rtvc.es/la-onu-rechaza-los-referendums-rusos-celebrados-en-ucrania/,https://rtvc.es/archivos/2022/09/ONU.jpg,RTVC
2022-09-28T08:00:00,Una exposición muestra la labor humanitaria en favor de los refugiados de Ucrania,Una exposición muestra la labor humanitaria en favor de los refugiados de Ucrania La Asociación de Voluntarios de CaixaBank traza un recorrido gráfico y audiovisual,https://www.msn.com/es-es/news/espana/una-exposici-c3-b3n-muestra-la-labor-humanitaria-en-favor-de-los-refugiados-de-ucrania/ar-AA12kSsY,https://www.lavanguardia.com/files/og_thumbnail/uploads/2022/09/27/63332ec59b956.jpeg,La Vanguardia on MSN.com
2022-09-28T07:53:07,"La ONU no considera que los referéndum rusos celebrados en Ucrania sean ""una expresión de la voluntad popular""","La subsecretaria general de la ONU para Asuntos Políticos, Rosemary DiCarlo, ha asegurado este martes ante el Consejo de Seguridad de la ONU que los referéndum celebrados en el este de Ucrania por Rus",https://www.msn.com/es-es/news/internacional/la-onu-no-considera-que-los-refer-c3-a9ndum-rusos-celebrados-en-ucrania-sean-una-expresi-c3-b3n-de-la-voluntad-popular/ar-AA12kBtw,https://img.europapress.es/fotoweb/fotonoticia_20220928075307_640.jpg,Europa Press on MSN.com
2022-09-28T07:07:00,"La ONU considera que los referéndum rusos celebrados en Ucrania no son ""una expresión de la voluntad popular""","La subsecretaria general de la ONU para Asuntos Políticos, Rosemary DiCarlo, ha asegurado este martes ante el Consejo de Seguridad del organismo que los referéndum celebrados en el este de Ucrania por",https://www.heraldo.es/noticias/internacional/2022/09/28/onu-referendum-rusos-ucrania-no-voluntad-popular-1602269.html,https://imagenes.heraldo.es/files/og_thumbnail/uploads/imagenes/2022/09/28/rosemary-dicarlo-subsecretaria-general-de-la-onu-para-asuntos-politicos.jpeg,Heraldo
2022-09-28T06:44:00,"Guerra Ucrania Rusia, últimas noticias del 27 de septiembre en directo",Sigue la última hora de la guerra entre Ucrania y Rusia hoy en directo. Aumenta el malestar social en Rusia y el Kremlin se plantea cerrar sus fronteras para evitar la huida masiva de hombres. Toda la,https://www.antena3.com/noticias/mundo/ultima-hora-guerra-rusia-ucrania-sigue-minuto-minuto-conflicto-reacciones-putin-zelenski_20220927633294e5ed945b0001d4a073.html,"https://fotografias.antena3.com/clipping/cmsimages02/2022/09/27/5C28E433-BEF1-482A-909F-F6CB33472B2A/guerra-ruso-ucraniana-ultima-hora-gerra-ucrania-rusia-hoy-directo_69.jpg?crop=1280,720,x0,y0&width=1280&height=720&optimize=low&format=jpg",Antena 3
2022-09-28T06:34:00,La ONU denuncia la ilegalidad de los referéndums rusos celebrados en Ucrania,"La subsecretaria general de la ONU para Asuntos Políticos, Rosemary DiCarlo, ha asegurado que los votantes han participado después de que las autoridades rusas les hayan acompañado a punta de pistola",https://www.noticiasdenavarra.com/mundo/2022/09/28/onu-denuncia-ilegalidad-referendums-rusos-6056560.html,https://estaticosgn-cdn.deia.eus/clip/14654bf8-8a16-4bb6-b8f8-d65fce5b1d79_16-9-aspect-ratio_default_0.jpg,Noticias
2022-09-28T06:24:39,"Última hora sobre la invasión rusa de Ucrania, en directo",Rusia se prepara ya este miércoles para iniciar la anexión de los territorios ocupados de Ucrania tras asegurar que la mayoría apoyó las votaciones que se desarrollaron en ellos durante estos cinc,https://www.msn.com/es-es/news/internacional/c3-baltima-hora-sobre-la-invasi-c3-b3n-rusa-de-ucrania-en-directo/ar-AA12kQIX,https://static.eldiario.es/clip/b1fc391f-4c8b-425c-9154-010228f3b9e0_facebook-watermarked-aspect-ratio_default_0.jpg,eldiario.es on MSN.com
2022-09-28T06:03:00,La Delegación del Gobierno contacta con Cruz Roja en Ucrania para confirmar el paradero del jubilado de Carlet,"Mario García, de 74 años, está considerado el primer español apresado por las tropas rusas que invadieron Ucrania",https://www.ondacero.es/emisoras/comunidad-valenciana/alzira/noticias/delegacion-gobierno-contacta-cruz-roja-ucrania-confirmar-paradero-jubilado-carlet_202209286333f1c5ed945b0001d5f1d0.html,"https://image.ondacero.es/clipping/cmsimages01/2022/04/06/ACB72BCA-971B-4564-BDB5-1A7C94ACFD89/vecino-ribera-mariano-garcia-sigue-paradero-desconocido-apresarlo-ejercito-ruso_69.jpg?crop=414,233,x0,y0&width=1280&height=720&optimize=low&format=jpg",ondacero.es
2022-09-28T06:02:00,"Guerra Rusia-Ucrania, en directo | Erdogan condena los referéndums orquestados por Rusia en Ucrania","Las autoridades electorales rusas han confirmado que los referéndums de adhesión celebrados en cuatro regiones del este de Ucrania, y no reconocidos por la comunidad internacional, se han saldado con",https://www.elespanol.com/mundo/europa/20220928/guerra-rusia-ucrania-rusia-votantes-ucrania-respaldan-referendums/706779317_10.html,https://s1.eestatic.com/2022/09/28/actualidad/706689345_227533639_600x315.jpg,ESPAÑOL
2022-09-28T06:00:00,Referendos ilegales en Ucrania: Preocupación ante una adhesión rusa inminente de los territorios ocupados,Primeros resultados de los referendos ilegales en Ucrania impulsados por Putin: más del 97 % apoya la anexión a Rusia. Moscú ha adelantado,https://www.telemadrid.es/programas/buenos-dias-madrid/Referendos-ilegales-en-Ucrania-Preocupacion-ante-una-adhesion-rusa-inminente-de-los-territorios-ocupados-2-2491570823--20220928080049.html,https://www.telemadrid.es/2022/09/28/referendosilegales.jpg?hash=952162857f7c20cf988aab16dffcec5161e9f815,Telemadrid
2022-09-28T05:01:00,El lobby de la industria armamentista y la guerra de Ucrania,"Algún día, si no se produce antes, ¡Dios no lo quiera!, una hecatombe nuclear, habrá que analizar a fondo el papel desempeñado por la industria bélica en la actual deriva armamentista, que no deja hab",https://www.laopiniondemalaga.es/opinion/2022/09/28/lobby-industria-armamentista-guerra-ucrania-75973919.html,https://www.laopiniondemalaga.es/images/og-facebook/laopiniondemalaga.jpg?id=0-157-0,Deportes
2022-09-28T03:00:00,Reclaman el pago de las ayudas al sector cunícola por la guerra de Ucrania,La Asociación de Produtores de Coellos de Galicia (Progacun) ha denunciado el retraso por parte de la administración autonómica del pago de la línea de ayudas excepcionales concedidas a determinadas e,https://www.lavozdegalicia.es/noticia/deza/2022/09/28/piden-pago-ayudas-sector-cunicola-guerra-ucrania/0003_202209D28C3991.htm,https://www.lavozdegalicia.es/default/2022/09/27/00121664301363375664906/Foto/D30O1029.jpg,La Voz de Galicia
2022-09-28T02:27:15,Meloni asegura a Ucrania que podrá contar con el apoyo del nuevo gobierno de Italia,"La líder del partido ultraderechista Hermanos de Italia (FdI), Giorgia Meloni, ganadora de las elecciones celebradas este domingo, ha asegurado a Ucrania que podrá contar con el completo apoyo del ent",https://www.msn.com/es-es/news/internacional/meloni-asegura-a-ucrania-que-podr-c3-a1-contar-con-el-apoyo-del-nuevo-gobierno-de-italia/ar-AA12kI1b,https://img.europapress.es/fotoweb/fotonoticia_20220928022715_1200.jpg,Europa Press on MSN.com
2022-09-28T00:41:05,"Giorgia Meloni ofrece apoyo a Zelenski en ""la causa para liberar al pueblo de Ucrania""",La futura primera ministra de Italia reaparece en las redes sociales después de tres días sin aparecer en público y de su victoria electoral.,https://www.msn.com/es-es/news/internacional/giorgia-meloni-ofrece-apoyo-a-zelenski-en-la-causa-para-liberar-al-pueblo-de-ucrania/ar-AA12kEQd,https://img.huffingtonpost.com/asset/6333925c2600003400fb1dec.jpeg?cache=dMxM6tFIWP&ops=1200_630,Huffington Post on MSN.com
2022-09-28T00:27:00,Ucrania.- Meloni asegura a Ucrania que podrá contar con el apoyo del nuevo gobierno de Italia,"La líder del partido ultraderechista Hermanos de Italia (FdI), Giorgia Meloni, ganadora de las elecciones celebradas este domingo, ha asegurado",https://www.cope.es/actualidad/espana/noticias/ucrania--meloni-asegura-ucrania-que-podra-contar-con-apoyo-del-nuevo-gobierno-italia-20220928_2312600,https://cope-cdnmed.agilecontent.com/img/brand/cope-redes-sociales.jpg,COPE
2022-09-28T00:08:00,Uruguay niega haber participado de los referendos en los sitios ocupados de Ucrania,"Montevideo, 27 sep (EFE).- Tras ser acusado de haber formado parte del crimen colectivo por avalar el proceso, Uruguay negó haber enviado observadores para los referendos organizados por Rusia en te",https://www.eldiario.es/politica/uruguay-niega-haber-participado-referendos-sitios-ocupados-ucrania_1_9575068.html,https://static.eldiario.es/clip/6e9768b1-1612-42c3-bf81-ade7e99d682e_facebook-aspect-ratio_default_0.jpg,eldiario.es
2022-09-27T23:54:50,"Zelenski asegura que los resultados de los referéndums en el este de Ucrania son ""cifras pactadas""","El presidente ucraniano, Volodimir Zelenski, ha acusado a Rusia de violar la Carta de Naciones Unidas y ha enfatizado que los resultados de los referéndums de adhesión celebrados en cuatro regiones de",https://www.msn.com/es-es/news/internacional/zelenski-asegura-que-los-resultados-de-los-refer-c3-a9ndums-en-el-este-de-ucrania-son-cifras-pactadas/ar-AA12jQpo,https://img.europapress.es/fotoweb/fotonoticia_20220927235450_1200.jpg,Europa Press on MSN.com
2022-09-27T23:14:09,0-0: Escocia frena a Ucrania y sube a la Liga A,La selección de Escocia militará en la próxima edición de la Nations League entre las 16 mejores selecciones del continente tras certificar este martes el ascenso a,https://www.msn.com/es-es/sports/other/0-0-escocia-frena-a-ucrania-y-sube-a-la-liga-a/ar-AA12k589,https://www.mundodeportivo.com/files/og_thumbnail/uploads/2022/09/28/6333767d7d076.jpeg,Mundo Deportivo on MSN.com
2022-09-27T22:05:00,"Rusia prepara la anexión tras los ""falsos"" referéndums rechazados por Ucrania","La anexión de cuatro territorios ucranianos controlados por el ejército ruso quedó ayer servida en bandeja, si no lo estaba ya, después de unos resultados",https://www.msn.com/es-es/news/internacional/rusia-prepara-la-anexi-c3-b3n-tras-los-e2-80-9cfalsos-e2-80-9d-refer-c3-a9ndums-rechazados-por-ucrania/ar-AA12kfof,https://www.lavanguardia.com/files/og_thumbnail/files/fp/uploads/2022/09/27/63335098e0242.r_d.2469-1595-0.jpeg,La Vanguardia on MSN.com
2022-09-27T21:54:00,"Ucrania.- Zelenski asegura que los resultados de los referéndums en el este de Ucrania son ""cifras pactadas""","El presidente ucraniano, Volodimir Zelenski, ha acusado a Rusia de violar la Carta de Naciones Unidas y ha enfatizado que los resultados de",https://www.cope.es/actualidad/espana/noticias/ucrania--zelenski-asegura-que-los-resultados-los-referendums-este-ucrania-son-cifras-pactadas-20220927_2312570,https://cope-cdnmed.agilecontent.com/img/brand/cope-redes-sociales.jpg,COPE
2022-09-27T21:42:00,"Guerra Ucrania Rusia, en directo | Rusia plantea cerrar las fronteras para hombres en edad militar","Tras las manifestaciones del miércoles y el fin de semana, las protestas continúan en las capitales de las repúblicas rusas de Daguestán y Kabardino-Balkaria, que fueron reprimidas por la policía con",https://www.lasexta.com/noticias/internacional/guerra-ucrania-rusia-directo-rusia-plantea-cerrar-fronteras-hombres-edad-militar_20220927633281e268929d00011b74ce.html,"https://fotografias.lasexta.com/clipping/cmsimages02/2022/09/27/895A9A4D-FCAA-4EBD-90AF-714BF0128314/guerra-ucrania-rusia-directo-rusia-plantea-cerrar-fronteras-hombres-edad-militar_69.jpg?crop=1120,630,x0,y0&width=1280&height=720&optimize=low&format=jpg",laSexta
2022-09-27T21:37:00,El Real Madrid ha donado más de un millón de euros a Ucrania desde el inicio de la invasión de Rusia,"El club que preside Florentino Pérez, a través de su Fundación en la mayoría de casos, se ha volcado con los más necesitados del conflicto bélico.",https://www.elespanol.com/elbernabeu/madridismo/20220927/real-madrid-donado-millon-ucrania-invasion-rusia/706429842_0.html,https://s1.eestatic.com/2022/09/27/elbernabeu/madridismo/706440248_227532183_600x315.jpg,ESPAÑOL
2022-09-27T21:26:00,Ucrania.- Gazprom dice que la denuncia de Naftogaz puede conducir a la prohibicción de transacciones de gas a Ucrania,La empresa gasista rusa Gazprom ha advertido este martes que la demanda presentada por la compañía ucraniana Naftogaz ante el Tribunal,https://www.cope.es/actualidad/espana/noticias/ucrania--gazprom-dice-que-denuncia-naftogaz-puede-conducir-prohibiccion-transacciones-gas-ucrania-20220927_2312560,https://cope-cdnmed.agilecontent.com/img/brand/cope-redes-sociales.jpg,COPE
2022-09-27T21:21:00,La ONU no reconocerá el referendos en Ucrania y Zelenski pide aislamiento de Rusia,"Naciones Unidas, 27 sep (EFE). La ONU dejó claro este martes que no reconocerá el resultado de los referendos de anexión a Rusia de varias regiones ucranianas, mientras que el presidente de Ucrania, V",https://www.eldiario.es/politica/onu-dice-referendos-ucrania-no-son-expresion-voluntad-popular_1_9574740.html,https://static.eldiario.es/clip/180c13da-3991-40f4-b3a4-d0816fe74550_facebook-aspect-ratio_default_0.jpg,eldiario.es
2022-09-27T20:33:27,Alemania descarta aplicar condicionantes al suministro de armas a Ucrania,"La embajadora alemana en Kiev, Anka Feldgusen, ha aclarado que Berlín no pone ningún tipo de restricción ni condicionante al uso de armamento suministrado a las Fuerzas Armadas de Ucrania. He leído s",https://www.msn.com/es-es/news/internacional/alemania-descarta-aplicar-condicionantes-al-suministro-de-armas-a-ucrania/ar-AA12jPji,https://img.europapress.es/fotoweb/fotonoticia_20220927203327_1200.jpg,Europa Press on MSN.com
2022-09-27T20:26:00,Gazprom advierte de que la denuncia de Naftogaz puede conducir a la prohibicción de transacciones de gas a Ucrania,"La empresa gasista rusa Gazprom ha advertido este martes que la demanda presentada por la compañía ucraniana Naftogaz ante el Tribunal Internacional de Arbitraje, con sede en Suiza, podría conducir a",https://www.europapress.es/internacional/noticia-gazprom-advierte-denuncia-naftogaz-puede-conducir-prohibiccion-transacciones-gas-ucrania-20220927232650.html,https://img.europapress.es/fotoweb/fotonoticia_20220927232650_1200.jpg,Europa Press
2022-09-27T20:16:00,"La guerra de Ucrania, en directo: sismólogos suecos denuncian dos explosiones en la zona del Nord Stream antes de que se registraran fugas","La votación en las provincias orientales de Lugansk, Donetsk, Kherson y Zaporizhzhia comenzó el viernes y Occidente ha declarado que los comicios son una farsa y que no reconocerán los resultados",https://www.vozpopuli.com/internacional/guerra-ucrania-directo-rusia-celebra-exito-referendums-regiones-ocupadas.html,https://media.vozpopuli.com/2022/09/c6c367ef48f899a85110e72545195a00127a8f73w-e1664261784393.jpg,Voz Populi
2022-09-27T20:13:00,Rusia se dispone a anexionarse sus conquistas militares en Ucrania y a defenderlas a toda costa,"La anexión de los territorios ocupados por el ejército ruso en Ucrania, que puede ser anunciada en los próximos días, implica que Moscú podría utilizar las armas nucleares contra una eventual ofensiva",https://www.msn.com/es-es/news/internacional/rusia-se-dispone-a-anexionarse-sus-conquistas-militares-en-ucrania-y-a-defenderlas-a-toda-costa/ar-AA12jSYB,https://www.publico.es/uploads/2022/09/27/633351f9b3650.jpeg,Público on MSN.com
2022-09-27T20:01:00,"""Si Rusia pierde frente a Ucrania, habrá una guerra civil""",El pueblo llevaba dos semanas enteras en silencio. Ni un solo disparo. ¿Se habrían cansado? ¿Estarían guardando los proyectiles y las balas para más,https://www.elindependiente.com/internacional/2022/09/27/si-rusia-pierde-frente-a-ucrania-habra-una-guerra-civil/,https://www.elindependiente.com/wp-content/uploads/2022/09/3679477954_bc4a430141_o-1200x675.jpg,El Independiente
2022-09-27T19:35:09,"Stoltenberg recuerda que los referéndums en el este de Ucrania ""no tienen legitimidad"""," (Esta acción) no cambiará nada en nuestra política, nuestra diplomacia y nuestras acciones en el campo militar, dice Kuleba El secretario general de la OTAN, Jens Stoltenberg, ha dicho este martes",https://www.msn.com/es-es/news/internacional/stoltenberg-recuerda-que-los-refer-c3-a9ndums-en-el-este-de-ucrania-no-tienen-legitimidad/ar-AA12japk,https://img.europapress.es/fotoweb/fotonoticia_20220927193509_1200.jpg,Europa Press on MSN.com
2022-09-27T18:54:00,Un jefe del crimen organizado ruso muere en el frente tras ser reclutado en prisión para luchar en Ucrania,"Cumplía una pena de cárcel de 23 años antes de salir de prisión para luchar, según el medio ruso Business Gazeta",https://www.abc.es/internacional/jefe-crimen-organizado-ruso-muere-frente-tras-20220927170500-nt.html,https://s1.abcstatics.com/abc/www/multimedia/internacional/2022/09/27/soldados-Reb8FRjH8oRj7JezmVZEpGP-1024x512@abc.jpg,ABC
2022-09-27T18:33:00,El Reino Unido prevé que Putin anuncie el viernes la anexión de los cuatro territorios ocupados en Ucrania,"Más del 97 % de los votantes apoyan la adhesión, según las primeras proyecciones realizadas por las autoridades prorrusas",https://www.lavozdegalicia.es/noticia/internacional/2022/09/28/reino-unido-preve-putin-anuncie-viernes-anexion-cuatro-territorios-ocupados-ucrania/0003_202209G28P17_COPY996.htm,https://www.lavozdegalicia.es/default/2022/09/27/00121664303461479937916/Foto/efe_20220927_112122281.jpg,La Voz de Galicia
2022-09-27T18:31:00,Finaliza el referéndum de anexión a Rusia en las regiones ocupadas de Ucrania,"Son las últimas personas que votan en el referéndum ruso sobre la anexión de Kherson, Luhansk, Donetsk y Zaporizhzhia a su territorio. Han sido cinco días de votaciones y los resultados, según las aut",https://www.lne.es/videos/internacional/2022/09/27/finaliza-referendum-anexion-rusia-regiones-75971294.html,https://estaticos-cdn.prensaiberica.es/clip/88ed4d99-01fa-40c2-a05a-756e7586fbef_16-9-aspect-ratio_default_0.jpg,lne
2022-09-27T18:21:19,El Real Madrid donó más de un millón de euros a Ucrania,"El Real Madrid, a través de su Fundación, donó más de un millón de euros a la campaña Todos con Ucrania, según el informe de cuentas de la",https://www.msn.com/es-es/news/espana/el-real-madrid-don-c3-b3-m-c3-a1s-de-un-mill-c3-b3n-de-euros-a-ucrania/ar-AA12jxKR,https://imagenes.20minutos.es/files/og_thumbnail_panoramic/files/og_20m/uploads/imagenes/2022/05/10/lunin.jpeg,20 minutos on MSN.com
2022-09-27T18:02:00,"Guerra Ucrania - Rusia, en directo: las fugas del Nord Stream añaden la sospecha de sabotaje a un gasoducto maldito","{allowComment:allowed,articleId:article-8545571,url:https://admin.lavanguardia.com/view/internacional/20220927/8545571/guerra-ucrania-rusia-directo.html,livefyre-url:article-8545",https://www.lavanguardia.com/internacional/20220927/8545571/guerra-ucrania-rusia-directo.html,https://www.lavanguardia.com/files/og_thumbnail/uploads/2022/09/27/633326860a573.jpeg,La Vanguardia
2022-09-27T17:38:00,El ministro de Defensa ruso inspecciona el entrenamiento de los primeros movilizados para combatir en Ucrania,"El ministro de Defensa ruso, Serguéi Shoigú, ha inspeccionado el entrenamiento de los primeros reclutados en el marco de la campaña de movilización militar parcial declarada el pasado 21 de septiembre",https://www.eldiario.es/internacional/ultima-hora-invasion-rusa-ucrania-directo_6_9571698_1094101.html,https://static.eldiario.es/clip/28d7bb1d-debd-4f34-a048-28b4057b6ec6_facebook-watermarked-aspect-ratio_default_0.jpg,eldiario.es
2022-09-27T16:39:00,"Más del 96%, a favor de unirse a Rusia en los primeros resultados de la votación en las cuatro regiones ocupadas de Ucrania","Las votaciones organizadas apresuradamente se llevaron a cabo durante cinco días en las cuatro áreas: Donetsk, Lugansk, Zaporiyia y Jerson",https://www.abc.es/internacional/ciudadanos-favor-unirse-rusia-primeros-resultados-votacion-20220927173452-nt.html,https://s1.abcstatics.com/abc/www/multimedia/internacional/2022/09/27/reerendums-RZDN3NWMAwiQHM395oVlqcP-1024x512@abc.jpg,ABC
2022-09-27T16:38:00,El Tribunal Supremo de Ucrania ratifica la prohibición del Partido Socialista Progresista,"Ha excluido los motivos estatuarios y el programa político de la formación como motivos para la suspensión, pero ha desestimado las principales apelaciones presentadas por la formación",https://www.noticiasdenavarra.com/mundo/2022/09/27/tribunal-supremo-ucrania-ratifica-prohibicion-6055445.html,https://estaticosgn-cdn.deia.eus/clip/ef76a201-a02a-4bbb-8f45-ef4777f9e071_16-9-aspect-ratio_default_0.jpg,Noticias
2022-09-27T16:35:00,"La OTAN tilda de ""falsos"" los referendos de Rusia en Ucrania y asegura que ""violan el Derecho Internacional""","El secretario general de la OTAN, Jens Stoltenberg, ha asegurado este martes que los falsos referendos de integración con Rusia convocados en los territorios ucranianos controlados por Moscú no tien",https://www.eldiario.es/internacional/ultima-hora-invasion-rusa-ucrania-directo_6_9571698_1094097.html,https://static.eldiario.es/clip/63703494-8f0a-4809-8766-5224889ec811_facebook-watermarked-aspect-ratio_default_0.jpg,eldiario.es
2022-09-27T16:09:00,Medios sociales: Meta desarticula dos redes de China y Rusia tras detectar sendas campañas falsas en contra del apoyo a Ucrania,"Las últimas noticias sobre tecnología con COPE Internet, redes sociales, móviles, gadgets, software, seguridad. Meta ha desarticulado una red de gran tamaño de Rusia y otra más pequeña de China por de",https://www.cope.es/actualidad/tecnologia/noticias/medios-sociales-meta-desarticula-dos-redes-china-rusia-tras-detectar-sendas-campanas-falsas-contra-del-apoyo-ucrania-20220927_2312192,https://cope-cdnmed.agilecontent.com/resources/jpg/9/9/1664295065099.jpg,COPE
2022-09-27T16:03:00,"OTAN: ""Los falsos referendos de Rusia en Ucrania violan el Derecho Internacional""","Bruselas, 27 sep (EFE).- El secretario general de la OTAN, Jens Stoltenberg, aseguró este martes que los falsos referendos de integración con Rusia convocados en los territorios ucranianos controlad",https://www.eldiario.es/politica/otan-falsos-referendos-rusia-ucrania-violan-derecho-internacional_1_9574085.html,https://static.eldiario.es/clip/4ad31a6a-1067-4a30-8bf9-b8f40107fcaa_facebook-aspect-ratio_default_0.jpg,eldiario.es
2022-09-27T15:42:00,Putin ultima una anexión exprés tras los referendos farsa en Ucrania,"Más del 97% de los votantes en los referendos en los territorios ucranianos controlados por las fuerzas rusas en el este y sur apoyó la anexión a Rusia, según los primeros resultados de las autoridade",https://www.larazon.es/internacional/20220927/67t42pbg5fbnvegp6mqnx46hye.html,https://www.larazon.es/resizer/uIAtDNOkeUU5I5GgQTcuSccgjp8=/1260x840/smart/filters:format(jpg)/cloudfront-eu-central-1.images.arcpublishing.com/larazon/H4IK3TDC4RHH3GHF7XNA3Q3ZYE.JPG,La Razón Digital
2022-09-27T15:27:00,"El precio del aceite de oliva, disparado por la guerra de Ucrania y la sequía","El precio del aceite de oliva y el de girasol se ha disparado por la guerra de Ucrania y, durante el verano, por la sequía.",https://www.rtve.es/play/videos/programa/precio-del-aceite-oliva-disparado-por-guerra-ucrania-sequia/6701195/,https://img2.rtve.es/imagenes/precio-del-aceite-oliva-disparado-guerra-ucrania-sequia/1664289580431.jpg,RTVE
2022-09-27T14:45:00,Así trabajó el tren hospitalizado de MSF los primeros días en Ucrania,"Ha realizado 53 viajes, ha trasladado a un total de 1.468 pacientes y a 78 menores huérfanos evacuados de un orfanato. Hablamos con los profesionales en AS.",https://as.com/actualidad/asi-trabajo-el-tren-hospitalizado-de-msf-los-primeros-dias-en-ucrania-n/,https://img.asmedia.epimg.net/resizer/aLgYZO_J7J5iYmgPw7DQjKIm1MA=/644x362/cloudfront-eu-central-1.images.arcpublishing.com/diarioas/PVMLYWVS7ZC77EN3KGI6DSTK4E.jpg,AS Mexico
2022-09-27T14:18:00,Primeros resultados de los referendos en Ucrania: más del 97 % apoya la anexión a Rusia,"Moscú ha adelantado que está preparada para sumar los territorios de Donetsk, Lugansk, Jersón y Zaporiyia al país.",https://www.heraldo.es/noticias/internacional/2022/09/27/primeros-resultados-de-los-referendos-mas-del-97-apoya-anexion-a-rusia-1602144.html,https://imagenes.heraldo.es/files/image_990_v1/files/fp/uploads/imagenes/2022/09/27/hombres-rusos-en-las-oficinas-de-reclutamiento-en-moscu.r_d.2349-1488-2492.jpeg,Heraldo
2022-09-27T14:12:00,Rusia afirma que más del 97% ha votado a favor de independizarse de Ucrania en sus referendos,"Con el 16% y el 14% de las papeletas escrutadas en Donetsk y Lugansk, el 98,05% y el 97,79% de los votantes, respectivamente, se pronuncia a favor.",https://www.elespanol.com/mundo/20220927/apoya-anexion-rusia-referendos-ilegales-putin-ucrania/706429651_0.html,https://s1.eestatic.com/2022/09/27/mundo/706439832_227517398_600x315.jpg,ESPAÑOL
2022-09-27T14:08:00,"Más del 97 % apoya la anexión a Rusia en los referendos en Ucrania, según los primeros resultados","Moscú, 27 sep (EFE).- Más del 97 % de los votantes en los referendos en los territorios ucranianos controlados por las fuerzas rusas en el este y sur apoyó la anexión a Rusia, según los primeros resul",https://www.eldiario.es/politica/97-apoya-anexion-rusia-losreferendos-primeros-resultados_1_9573496.html,https://static.eldiario.es/clip/6ba32ee7-19e6-4c15-9fd4-5b7e34eb0a6b_facebook-aspect-ratio_default_0.jpg,eldiario.es
2022-09-27T13:25:00,Una abrumadora mayoría de los votantes de los referéndums piden la anexión a Rusia del este de Ucrania,"Más del 97% de los votantes en los referendos en los territorios ucranianos controlados por las fuerzas rusas en el este y sur apoyó la anexión a Rusia, según los primeros resultados de las autoridade",https://www.elperiodico.com/es/internacional/20220927/abrumadora-mayoria-referendums-ucrania-rusia-75960065,https://estaticos-cdn.elperiodico.com/clip/44af1963-cb5e-4461-8d63-5efc9df7c607_16-9-discover-aspect-ratio_default_0.jpg,El Periódico
2022-09-27T10:00:00,"Ucrania.- Nueva Zelanda sanciona a ""familiares"" de Putin y al líder checheno por la guerra en Ucrania","El Gobierno de Nueva Zelanda ha anunciado este martes sanciones contra familiares del presidente de Rusia, Vladimir Putin, y el líder",https://www.cope.es/actualidad/espana/noticias/ucrania--nueva-zelanda-sanciona-familiares-putin-lider-checheno-por-guerra-ucrania-20220927_2310788,https://cope-cdnmed.agilecontent.com/img/brand/cope-redes-sociales.jpg,COPE
2022-09-27T08:56:00,Ucrania.- Reino Unido prevé que Putin anuncie el viernes la anexión de los territorios del este de Ucrania,"Los servicios de Inteligencia de Reino Unido consideran que hay una posibilidad realista de que el presidente de Rusia, Vladimir Putin, anuncie",https://www.cope.es/actualidad/espana/noticias/ucrania--reino-unido-preve-que-putin-anuncie-viernes-anexion-los-territorios-del-este-ucrania-20220927_2310602,https://cope-cdnmed.agilecontent.com/img/brand/cope-redes-sociales.jpg,COPE
2022-09-14T07:25:00,"Guerra Rusia - Ucrania, en directo | Guterres dice que ve lejos la paz en Ucrania tras hablar con Putin","A esta hora Putin está perdiendo y su respuesta puede ser muy contundente, se teme. 20:28 Ucrania afirma que el Ejército de Rusia sufre daños significativos a diario en medio de sus ...",https://www.elespanol.com/mundo/europa/20220914/guerra-rusia-ucrania-directo-biden-progreso-significativo/703279667_10.html,,ESPAÑOL
2022-09-13T00:00:00,Rusia pide a los habitantes de Crimea y del sur de Ucrania que evacúen rápidamente la zona,"Día 102 de guerra en Ucrania. La contraofensiva de Ucrania triunfa y lo hace a gran velocidad. Además, mina la moral del enemigo y dispara las dudas y las críticas sobre su estrategia.",https://www.elespanol.com/mundo/europa/20220913/guerra-rusia-ucrania-directo-zelenski-aliados-aceleren/703029692_10.html,,ESPAÑOL
2022-09-12T11:32:00,Guerra Rusia-Ucrania,"Ucrania recupera terreno y moral mientras continúa la preocupación por la central nuclear de Zaporiyia, donde nadie descarta una catástrofe si persisten los ataques. Día 201 de guerra en Ucrania.",https://www.elespanol.com/mundo/europa/20220912/guerra-rusia-ucrania-directo-destruido-tanques-aviones/702779717_10.html,,ESPAÑOL
2022-09-09T12:44:00,"Guerra Rusia - Ucrania, en directo | Rusia envía refuerzos a Járkov para frenar la contraofensiva ucraniana","Día 198 de guerra en Ucrania. El presidente de Ucrania, Volodímir Zelenski, ha asegurado en su último mensaje dirigido a la nación que las tropas han recuperado 1.000 kilómetros cuadrados de ...",https://www.elespanol.com/mundo/europa/20220909/guerra-rusia-ucrania-recuperado-cuadrados-territorio-septiembre/702029793_10.html,,ESPAÑOL
2022-09-08T20:30:00,"Guerra Rusia - Ucrania, en directo | Blinken llega a Kiev en visita sorpresa",Día 198 de guerra en Ucrania. La intervención de Vladímir Putin este miércoles en el VII Foro Económico Oriental de Vladivostok puso en evidencia que ninguna de las acciones ya ejecutadas ni ...,https://www.elespanol.com/mundo/europa/20220908/guerra-rusia-ucrania-onu-constata-existencia-filtracion/701779817_10.html,,ESPAÑOL
2022-09-07T06:39:00,"Guerra Rusia - Ucrania, en directo | Ucrania ya se prepara para una guerra que se prolongará más allá de 2022",Día 197 de guerra en Ucrania. La última hora en Ucrania pasa por la central nuclear de Zaporiyia. El Organismo Internacional de la Energía Atómica (OIEA) publicó este martes un alarmante ...,https://www.elespanol.com/mundo/europa/20220907/guerra-rusia-ucrania-liz-truss-zelenski-extranjero/701529842_10.html,,ESPAÑOL
2022-09-06T18:41:00,"Guerra Rusia - Ucrania, en directo | Los inspectores de la ONU emiten hoy su informe sobre Zaporiyia",Día 196 de guerra en Ucrania. Rusia cumple sus amenazas y la última confirma el peor de los temores de cara al invierno: Vladímir Putin ha cortado el gas a Europa y ni siquiera ha terminado el ...,https://www.elespanol.com/mundo/europa/20220906/guerra-rusia-ucrania-directo-inspectores-onu-zaporiyia/701279867_10.html,,ESPAÑOL
2022-09-05T07:06:00,"Guerra Rusia - Ucrania, en directo | La contraofensiva de Ucrania funciona: Zelenski habla de ""buenos informes""","Día 195 de guerra en Ucrania. Los líderes europeos buscaron este domingo aliviar el impacto de los altos precios de la energía en todo el continente. Fuera del campo de batalla, gas ...",https://www.elespanol.com/mundo/europa/20220905/guerra-rusia-ucrania-contraofensiva-funciona-zelenski-informes/701029892_10.html,,ESPAÑOL
2022-09-03T06:16:00,"Guerra Rusia - Ucrania, en directo | La central de Zaporiyia vuelve a perder la conexión con la red externa",Rusia afirma haber repelido un intento de las tropas ucranias de hacerse con el control de la central de Zaporiyia. Día 192 de guerra en Ucrania. El Ministerio de Defensa de Rusia ha afirmado ...,https://www.elespanol.com/mundo/europa/20220903/guerra-rusia-ucrania-directo-ultimas-noticias/700529941_10.html,,ESPAÑOL
2022-09-01T15:07:00,"Guerra Rusia - Ucrania, en directo | Los inspectores del OIEA han llegado a la central de Zaporiyia","Día 189 de guerra en Ucrania. La central nuclear ucraniana de Zaporiyia (ZNPP), bajo control ruso, ha desconectado uno de sus reactores tras registrarse varios bombardeos en las zonas colindantes ...",https://www.elespanol.com/mundo/europa/20220901/guerra-rusia-ucrania-expertos-oiea-zaporiyia-inspeccionar/700029992_10.html,,ESPAÑOL
2022-08-31T00:00:00,"Guerra Rusia - Ucrania, en directo | Zelenski acusa a Rusia de ""provocaciones"" ante la visita del OIEA a Zaporiyia",Recordó que representantes de la OIEA ya llegaron a Ucrania y visitarán la central nuclear. Es una misión importante y estamos haciendo todo lo posible para que sea segura y funcione a plena ...,https://www.elespanol.com/mundo/europa/20220831/guerra-rusia-ucrania-zelenski-provocaciones-oiea-zaporiyia/699780017_10.html,,ESPAÑOL
2022-08-29T00:00:00,"Guerra Rusia - Ucrania, en directo | La misión especial del OIEA a Zaporiyia está de camino","Día 187 de guerra en Ucrania. Tras semanas de negociaciones y tensiones en torno a la planta nuclear de Zaporiyia, en el sureste de Ucrania, un equipo de expertos del OIEA, la agencia nuclear de ...",https://www.elespanol.com/mundo/europa/20220829/guerra-rusia-ucrania-directo-especial-oiea-zaporiyia/699280066_10.html,,ESPAÑOL
